{"options":{"leftPanelEnabled":true,"minWidthBreakPoint":610,"pessimisticAccessControl":false,"rightPanelEnabled":true,"theme":"uv-en-GB-theme"},"modules":{"embedDialogue":{"options":{"embedTemplate":"<div class=\"uv\" data-uri=\"{0}\" data-sequenceindex=\"{1}\" data-config=\"{2}\" style=\"width:{3}px; height:{4}px; background-color: #000\"></div>\n<script type=\"text/javascript\" id=\"embedUV\" src=\"{5}\"></script><script type=\"text/javascript\">/* wordpress fix */</script>"},"content":{"customSize":"Custom Size","height":"Height","instructions":"To embed this item in your own website, copy and paste the code below:","title":"Embed","width":"Width"}},"footerPanel":{"content":{"download":"Download","embed":"Embed","exitFullScreen":"Exit Full Screen","fullScreen":"Full Screen"}},"genericDialogue":{"content":{"ok":"OK"}},"headerPanel":{"content":{"close":"Close","help":"Help"}},"helpDialogue":{"content":{"text":"placeholder text","title":"Help"}},"mediaelementCenterPanel":{"defaultHeight":576,"defaultWidth":720,"content":{}},"moreInfoRightPanel":{"options":{"panelAnimationDuration":250,"panelCollapsedWidth":30,"panelExpandedWidth":255},"content":{"collapse":"Collapse More Information","collapseFull":"Collapse Gallery","expand":"Expand More Information","expandFull":"Expand Gallery","holdingText":"Your module goes here!","noData":"No data to display","title":"More Information"}},"treeViewLeftPanel":{"options":{"elideCount":40,"galleryThumbHeight":320,"galleryThumbWidth":200,"oneColThumbHeight":320,"oneColThumbWidth":200,"pageModeEnabled":true,"panelAnimationDuration":250,"panelCollapsedWidth":30,"panelExpandedWidth":255,"panelOpen":true,"thumbsEnabled":true,"thumbsExtraHeight":8,"thumbsImageFadeInDuration":300,"thumbsLoadRange":15,"treeEnabled":true,"twoColThumbHeight":150,"twoColThumbWidth":90}},"dialogue":{"content":{"close":"Close"}},"downloadDialogue":{"content":{"download":"Download","entireFileAsOriginal":"Entire file ({0})","noneAvailable":"No download options are available.","preview":"Preview","title":"Download"}},"settingsDialogue":{"content":{"locale":"Locale","pagingEnabled":"Two Page View","preserveViewport":"Preserve Zoom","title":"Settings"}}},"localisation":{"label":"English (GB)","locales":[{"name":"cy-GB","label":"Cymraeg"},{"name":"en-GB","label":"English (GB)"}]},"content":{"degradedResource":"This media is degraded."}}