{"options":{"minWidthBreakPoint":610,"pessimisticAccessControl":false,"rightPanelEnabled":true,"theme":"uv-en-GB-theme"},"modules":{"embedDialogue":{"options":{"embedTemplate":"<div class=\"uv\" data-uri=\"{0}\" data-sequenceindex=\"{1}\" data-config=\"{2}\" style=\"width:{3}px; height:{4}px; background-color: #000\"></div>\n<script type=\"text/javascript\" id=\"embedUV\" src=\"{5}\"></script><script type=\"text/javascript\">/* wordpress fix */</script>"},"content":{"customSize":"Maint ddewisol","height":"Hyd","instructions":"Er mwyn ymgorffori'r eitem hon ar eich gwefan, cop�wch a gosodwch y cod isod:","title":"Ymgorffori","width":"Lled"}},"footerPanel":{"content":{"download":"Lawrlwytho","embed":"Ymgorffori","exitFullScreen":"Dianc o'r sgrin lawn","fullScreen":"Sgrin lawn"}},"genericDialogue":{"content":{"ok":"GWELD"}},"headerPanel":{},"helpDialogue":{"content":{"text":"testun i'w osod","title":"Cymorth"}},"moreInfoRightPanel":{"options":{"panelAnimationDuration":250,"panelCollapsedWidth":30,"panelExpandedWidth":255},"content":{"collapse":"Cuddio Mwy o Wybodaeth","collapseFull":"Cuddio'r Galeri","expand":"Ehangu Fwy o Wybodaeth","expandFull":"Ehangu'r Galeri","holdingText":"Eich modiwl fan hyn!","noData":"Nid oes data i'w arddangos","title":"Mwy o Wybodaeth"}},"pdfCenterPanel":{"options":{"titleEnabled":false,"usePdfJs":true}},"treeViewLeftPanel":{"options":{"elideCount":40,"galleryThumbHeight":320,"galleryThumbWidth":200,"oneColThumbHeight":320,"oneColThumbWidth":200,"pageModeEnabled":true,"panelAnimationDuration":250,"panelCollapsedWidth":30,"panelExpandedWidth":255,"panelOpen":true,"thumbsEnabled":true,"thumbsExtraHeight":8,"thumbsImageFadeInDuration":300,"thumbsLoadRange":15,"treeEnabled":true,"twoColThumbHeight":150,"twoColThumbWidth":90},"content":{"collapse":"Cuddio'r Cynnwys","collapseFull":"Cuddio'r Galeri","expand":"Ehangu'r Cynnwys","expandFull":"Ehangu'r Galeri","index":"Mynegai","thumbnails":"Bodluniau","title":"Cynnwys"}},"dialogue":{"content":{"close":"Cau"}},"downloadDialogue":{"content":{"download":"Lawrlwytho","entireFileAsOriginal":"Y ffeil gyfan ({0})","noneAvailable":"Nid oes unrhyw opsiynau lawrlwytho ar gael.","preview":"Rhagolwg","title":"Lawrlwytho"}},"settingsDialogue":{"content":{"locale":"Iaith","pagingEnabled":"Arddangos dwy dudalen","preserveViewport":"Cadw'r lefel o glosio","title":"Dewisiadau"}}},"localisation":{"label":"Cymraeg","locales":[{"name":"cy-GB","label":"Cymraeg"},{"name":"en-GB","label":"English (GB)"}]},"content":{"degradedResource":"This pdf is degraded."}}