{"options":{"leftPanelEnabled":true,"minWidthBreakPoint":610,"overrideFullScreen":false,"pagingEnabled":true,"pessimisticAccessControl":false,"preserveViewport":false,"rightPanelEnabled":true,"searchWithinEnabled":true,"theme":"uv-en-GB-theme"},"modules":{"dialogue":{"content":{"close":"Close"}},"downloadDialogue":{"options":{"confinedImageSize":1000},"content":{"currentViewAsJpg":"Current view (jpg)","download":"Download","editSettings":"Edit Settings","entireDocument":"Entire document ({0})","entireFileAsOriginal":"Entire file ({0})","noneAvailable":"No download options are available.","pagingNote":"Please turn off Two Page View for additional options.","preview":"Preview","title":"Download","wholeImageHighRes":"Whole image high res ({0})","wholeImageLowResAsJpg":"Whole image low res (jpg)"}},"embedDialogue":{"options":{"embedTemplate":"<div class=\"uv\" data-locale=\"{0}\" data-config=\"{1}\" data-uri=\"{2}\" data-sequenceindex=\"{3}\" data-canvasindex=\"{4}\" data-zoom=\"{5}\" data-rotation=\"{6}\" style=\"width:{7}px; height:{8}px; background-color: #000\"></div>\n<script type=\"text/javascript\" id=\"embedUV\" src=\"{9}\"></script><script type=\"text/javascript\">/* wordpress fix */</script>"},"content":{"customSize":"Custom Size","height":"Height","instructions":"To embed this item in your own website, copy and paste the code below:","title":"Embed","width":"Width"}},"footerPanel":{"options":{"downloadEnabled":true,"embedEnabled":true,"fullscreenEnabled":true,"minimiseButtons":false},"content":{"download":"Download","embed":"Embed","exitFullScreen":"Exit Full Screen","fullScreen":"Full Screen"}},"genericDialogue":{"content":{"emptyValue":"please enter a value.","invalidNumber":"Please enter a valid number.","noMatches":"No matches were found.","ok":"OK","pageNotFound":"This item does not contain a page with the number you entered. Try switching the numbering mode to 'image'.","refresh":"Refresh"}},"helpDialogue":{"content":{"text":"placeholder text","title":"Help"}},"moreInfoRightPanel":{"options":{"panelAnimationDuration":250,"panelCollapsedWidth":30,"panelExpandedWidth":255,"panelOpen":false,"textLimit":4,"textLimitType":"lines"},"content":{"collapse":"Collapse More Information","collapseFull":"Collapse Gallery","expand":"Expand More Information","expandFull":"Expand Gallery","holdingText":"Your module goes here!","less":"less","more":"more","noData":"No data to display","title":"More Information"}},"pagingHeaderPanel":{"options":{"localeToggleEnabled":false,"pageModeEnabled":true,"pagingToggleEnabled":true},"content":{"close":"Close","emptyValue":"Please enter a value","first":"First","firstImage":"First Image","firstPage":"First Page","folio":"Folio","go":"Go","help":"Help","image":"Image","last":"Last","lastImage":"Last Image","lastPage":"Last Page","next":"Next","nextImage":"Next Image","nextPage":"Next Page","of":"of {0}","oneUp":"Single page view","page":"Page","previous":"Previous","previousImage":"Previous Image","previousPage":"Previous Page","settings":"Settings","twoUp":"Two page view"}},"seadragonCenterPanel":{"options":{"controlsFadeAfterInactive":1500,"controlsFadeDelay":250,"controlsFadeLength":250,"defaultZoomLevel":0,"navigatorPosition":"BOTTOM_RIGHT","pageGap":0.01,"trimAttributionCount":150},"content":{"acknowledgements":"Acknowledgements","goHome":"Go Home","imageUnavailable":"Image Unavailable","next":"Next","previous":"Previous","rotateRight":"Rotate Right","zoomIn":"Zoom In","zoomOut":"Zoom Out"}},"searchFooterPanel":{"options":{"elideDetailsTermsCount":20,"elideResultsTermsCount":10,"pageModeEnabled":true},"content":{"clearSearch":"Clear Search","defaultLabel":"-","displaying":"Displaying {0} {1} of {2}","enterKeyword":"Enter Keyword","image":"image","imageCaps":"Image","instanceFound":"1 instance of '{0}' found","instancesFound":"{0} instances of '{1}' found","nextResult":"Next Result","page":"page","pageCaps":"Page","previousResult":"Previous Result","resultFoundFor":"result found for","resultsFoundFor":"results found for","searchWithin":"Search within this item:"}},"settingsDialogue":{"content":{"locale":"Locale","pagingEnabled":"Two Page View","preserveViewport":"Preserve Zoom","title":"Settings","website":"<a href='https://github.com/universalviewer/universalviewer'>more info</a>"}},"treeViewLeftPanel":{"options":{"elideCount":40,"galleryThumbHeight":320,"galleryThumbWidth":200,"oneColThumbHeight":320,"oneColThumbWidth":200,"pageModeEnabled":true,"panelAnimationDuration":250,"panelCollapsedWidth":30,"panelExpandedWidth":255,"panelOpen":true,"thumbsEnabled":true,"thumbsExtraHeight":8,"thumbsImageFadeInDuration":300,"thumbsLoadRange":15,"treeEnabled":true,"twoColThumbHeight":150,"twoColThumbWidth":90},"content":{"collapse":"Collapse Contents","collapseFull":"Collapse Gallery","expand":"Expand Contents","expandFull":"Expand Gallery","index":"Index","thumbnails":"Thumbnails","title":"Contents"}},"clickThroughDialogue":{"content":{"viewTerms":"Read Full Terms and Conditions"}}},"localisation":{"label":"English (GB)","locales":[{"name":"cy-GB","label":"Cymraeg"},{"name":"en-GB","label":"English (GB)"}]},"content":{"canvasIndexOutOfRange":"Canvas index out of range.","degradedResource":"This image is degraded."}}